{
  "tests/conftest.py": 1775934573.9882596,
  "tests/test_sessions.py": 1775942802.3945925,
  "tests/__init__.py": 1775934297.6910732,
  "tests/test_journey.py": 1775936745.250616,
  "tests/test_validators.py": 1775934584.047744,
  "tests/test_server.py": 1775960819.6082468,
  "tests/test_params.py": 1775936696.6736617,
  "tests/test_config.py": 1775936809.7296839,
  "tests/test_cli_smoke.py": 1775961024.823796,
  "tests/test_cli.py": 1775937016.7786539,
  "tests/test_cache.py": 1775936536.1530514,
  "tests/test_integration/__init__.py": 1775934716.3779995,
  "tests/test_integration/test_mcp_roundtrip.py": 1775934723.2495317,
  "tests/test_tools/test_llm.py": 1775937548.343013,
  "tests/test_tools/test_search.py": 1775961208.1509438,
  "tests/test_tools/test_github.py": 1775936821.1304805,
  "tests/test_tools/__init__.py": 1775934663.2822027,
  "tests/test_tools/test_spider.py": 1775936631.3713744,
  "tests/test_tools/test_fetch.py": 1775942631.4123406,
  "tests/test_tools/test_stealth.py": 1775962872.7271316,
  "tests/test_tools/test_cache_mgmt.py": 1775960885.7590294,
  "tests/test_tools/test_deep.py": 1775961167.2143652,
  "tests/test_tools/test_markdown.py": 1775961143.606029,
  "tests/test_tools/test_spider_extended.py": 1775962876.9363222,
  "tests/test_providers/test_anthropic.py": 1775961456.3028774,
  "tests/test_providers/test_openai.py": 1775934661.484856,
  "tests/test_providers/test_vllm.py": 1775961474.8343806,
  "tests/test_providers/test_nvidia_nim.py": 1775934658.2129047,
  "tests/test_providers/__init__.py": 1775960769.489645,
  "tests/test_providers/test_cascade.py": 1775961194.2758012,
  "tests/test_providers/test_base.py": 1775960755.237616,
  "examples/config_tuning.py": 1775934785.443964,
  "examples/session_login.py": 1775934774.7908356,
  "examples/bulk_arxiv.py": 1775934753.6830113,
  "examples/cloudflare_bypass.py": 1775934764.7919726,
  "examples/harvest_model_cards.py": 1775934724.0231373,
  "examples/llm_translate.py": 1775934796.7846076,
  "examples/quickstart.py": 1775934714.3288162,
  "examples/deep_research.py": 1775934737.112674,
  "src/loom/sessions.py": 1775958755.2869122,
  "src/loom/params.py": 1775934528.5119717,
  "src/loom/server.py": 1775950882.0639672,
  "src/loom/config.py": 1775943845.4767294,
  "src/loom/validators.py": 1775938498.3888516,
  "src/loom/cache.py": 1775938450.781533,
  "src/loom/__init__.py": 1775934510.054581,
  "src/loom/cli.py": 1775937883.5929039,
  "src/loom/journey.py": 1775954393.9436588,
  "src/loom/__main__.py": 1775934623.4669333,
  "src/loom/tools/fetch.py": 1775958769.9176178,
  "src/loom/tools/cache_mgmt.py": 1775944013.0267031,
  "src/loom/tools/__init__.py": 1775934295.7112744,
  "src/loom/tools/llm.py": 1775951440.5055518,
  "src/loom/tools/stealth.py": 1775958774.1072378,
  "src/loom/tools/markdown.py": 1775936613.4641972,
  "src/loom/tools/search.py": 1775944056.466271,
  "src/loom/tools/github.py": 1775950780.7938159,
  "src/loom/tools/deep.py": 1775937609.4905877,
  "src/loom/tools/spider.py": 1775937245.6541183,
  "src/loom/providers/__init__.py": 1775935870.4943085,
  "src/loom/providers/openai_provider.py": 1775954401.221599,
  "src/loom/providers/vllm_local.py": 1775954401.22173,
  "src/loom/providers/anthropic_provider.py": 1775951531.9450562,
  "src/loom/providers/base.py": 1775936751.8377233,
  "src/loom/providers/nvidia_nim.py": 1775954401.221403,
  "CODE_OF_CONDUCT.md": 1775937862.843051,
  "CHANGELOG.md": 1775934312.6916873,
  "README.md": 1775935796.048742,
  "CONTRIBUTING.md": 1775935822.0911558,
  "SECURITY.md": 1775937861.115173,
  "deploy/docker/README.md": 1775934677.0304668,
  "deploy/systemd/README.md": 1775934705.5056314,
  "deploy/kubernetes/README.md": 1775934736.6273608,
  "tests/README.md": 1775934854.2258224,
  "tests/fixtures/journey/report.md": 1775962940.366988,
  "docs/journey-test.md": 1775942214.29678,
  "docs/cli.md": 1775942194.1237862,
  "docs/quickstart.md": 1775935365.660831,
  "docs/installation.md": 1775935389.8735464,
  "docs/advanced/custom-providers.md": 1775935658.208084,
  "docs/advanced/runtime-config.md": 1775935635.2706125,
  "docs/advanced/sessions.md": 1775935614.3715296,
  "docs/advanced/security.md": 1775935687.1157074,
  "docs/tools/research_search.md": 1775935556.2151544,
  "docs/tools/research_stealth.md": 1775935588.558405,
  "docs/tools/research_markdown.md": 1775935547.4780574,
  "docs/tools/research_llm.md": 1775934893.4250486,
  "docs/tools/research_spider.md": 1775935536.13526,
  "docs/tools/research_deep.md": 1775935564.891581,
  "docs/tools/research_github.md": 1775935575.485502,
  "docs/tools/research_sessions.md": 1775935600.0064464,
  "docs/tools/research_config.md": 1775935611.8082604,
  "docs/tools/research_fetch.md": 1775935505.628753,
  "docs/tools/research_cache.md": 1775935620.6521118,
  "docs/providers/anthropic.md": 1775935002.3346145,
  "docs/providers/openai.md": 1775934987.1811619,
  "docs/providers/local-vllm.md": 1775935020.3121643,
  "docs/providers/nvidia-nim.md": 1775934971.3367,
  "docs/deployment/kubernetes.md": 1775935587.961271,
  "docs/deployment/claude-code-integration.md": 1775935565.9545352,
  "docs/deployment/pypi-trusted-publishing.md": 1775954818.1653326,
  "docs/deployment/docker.md": 1775935524.3865435,
  "docs/deployment/systemd.md": 1775935475.08869,
  "release-notes/v0.1.0-alpha.1.md": 1775954833.863614,
  "graphify-out/wiki/community_5.md": 1775962993.2901797,
  "graphify-out/wiki/community_1.md": 1775962962.6683402,
  "graphify-out/wiki/community_4.md": 1775962985.9851134,
  "graphify-out/wiki/index.md": 1775962956.2957766,
  "graphify-out/wiki/community_3.md": 1775962977.2744575,
  "graphify-out/wiki/community_2.md": 1775962969.5286798,
  "journey-out/report.md": 1775962941.4629414,
  "examples/README.md": 1775934813.3705306
}